ws,h,w,s,alpha,alphatop50,alphatop25
5.0,150.0,3.0,4,0.2207069892315157,0.12825833865694122,0.2957154131636477
5.0,150.0,3.0,6,0.22957050572661675,0.05821881433516472,0.2957154131592476
5.0,150.0,3.0,8,0.23732373031454013,-0.003051863181313743,0.2957154131548477
5.0,150.0,3.0,10,0.2442369896086902,-0.05768827143633599,0.2957154131504476
5.0,150.0,7.5,4,0.25534281575317946,-0.1495305554274298,0.2720104161337851
5.0,150.0,7.5,6,0.2774482303172379,-0.3259286542480352,0.2602398305441004
5.0,150.0,7.5,8,0.2967823559039689,-0.4802858280793099,0.24852302945567836
5.0,150.0,7.5,10,0.31402012455930933,-0.6179636832773436,0.2368594089247743
5.0,150.0,15.0,4,0.3122417172287289,-0.6238255915766856,-0.7213498448824163
5.0,150.0,15.0,6,0.3560670583775981,-0.9814053814967486,-1.174288051174521
5.0,150.0,15.0,8,0.3943817779884581,-1.2940647296345666,-1.5976435981320314
5.0,150.0,15.0,10,0.42852938313527567,-1.5727072632886239,-1.9954716783461401
5.0,150.0,22.5,4,0.36722859341145225,-0.9647212844682302,-2.046213911037066
5.0,150.0,22.5,6,0.43196116207255425,-1.4371266408417624,-2.998184992287439
5.0,150.0,22.5,8,0.48850896304341423,-1.8425764188143827,-3.848160163209939
5.0,150.0,22.5,10,0.5388711540533293,-2.1977036151521525,-4.616300056679418
5.0,150.0,30.0,4,0.41796349361658275,-1.0247151689705818,-2.644115052170838
5.0,150.0,30.0,6,0.5017027639614579,-1.489907806236226,-3.7480591949444246
5.0,150.0,30.0,8,0.574686660501638,-1.8762707863775214,-4.69499810253999
5.0,150.0,30.0,10,0.639550031653503,-2.2048450389678957,-5.5213862072749516
5.0,150.0,37.5,4,0.4586565595375238,-0.9091483746865042,-2.6041743214472373
5.0,150.0,37.5,6,0.5567747092729782,-1.3060051567241202,-3.6104988490596166
5.0,150.0,37.5,8,0.6417613806216655,-1.6241929659384522,-4.43951293303261
5.0,150.0,37.5,10,0.7168574503586788,-1.886469653934456,-5.137666788915568
5.0,200.0,4.0,4,0.25141542008710854,0.9021697115854297,2.2533600021525104
5.0,200.0,4.0,6,0.27223795831362974,1.1304706006188967,3.0097116459444684
5.0,200.0,4.0,8,0.2905221539801863,1.3309351299359375,3.6737845794221475
5.0,200.0,4.0,10,0.3068717349513219,1.5101842302200512,4.267530182857766
5.0,200.0,10.0,4,0.31724310751572693,1.5882870772071316,4.1992815083644475
5.0,200.0,10.0,6,0.36252801249563354,2.0686370831125913,5.642321248058459
5.0,200.0,10.0,8,0.4018585098572821,2.4845775524763423,6.880027027045321
5.0,200.0,10.0,10,0.4366929005670011,2.85198228354772,7.96392566552395
5.0,200.0,20.0,4,0.3854093384708704,2.1044482256636496,3.9471909023818124
5.0,200.0,20.0,6,0.45565042677645756,2.760963549180449,5.158477812301796
5.0,200.0,20.0,8,0.5163895796905863,3.3226580369979306,6.140954473716446
5.0,200.0,20.0,10,0.5700162140502817,3.8139869127237116,6.959659641715456
5.0,200.0,30.0,4,0.4388102139164331,2.2727024375705898,2.6613751501968137
5.0,200.0,30.0,6,0.5288126958553743,2.9725402810878534,3.3578904972006427
5.0,200.0,30.0,8,0.606565934299195,3.5633913940209783,3.8899876636891877
5.0,200.0,30.0,10,0.6751601476373944,4.074149856692769,4.310780108940854
5.0,200.0,40.0,4,0.48293131671967676,2.1760528957609875,1.7877087372026446
5.0,200.0,40.0,6,0.5889781473109653,2.8134478749458762,2.1947637905183925
5.0,200.0,40.0,8,0.6804028946342868,3.339155692867534,2.49548843049441
5.0,200.0,40.0,10,0.7609081375924772,3.783998004672237,2.7269256922525797
5.0,200.0,50.0,4,0.5174793887081771,1.921609233217276,1.2754230142539182
5.0,200.0,50.0,6,0.6355523729365107,2.441724441800831,1.531303418309589
5.0,200.0,50.0,8,0.7369720494586647,2.8578273731890804,1.717090066374259
5.0,200.0,50.0,10,0.8259834708562604,3.200319376537703,1.8581607833621567
5.0,250.0,5.0,4,0.1975322266960016,0.31135786515077485,0.2957154131724466
5.0,250.0,5.0,6,0.1975322266960016,0.31135786515077485,0.2957154131724466
5.0,250.0,5.0,8,0.1975322266960016,0.31135786515077485,0.2957154131724466
5.0,250.0,5.0,10,0.1975322266960016,0.31135786515077485,0.2957154131724466
5.0,250.0,12.5,4,0.1975327219095131,0.3113639787506936,0.2957418857086375
5.0,250.0,12.5,6,0.1975329695144513,0.31136703552796824,0.2957551218765099
5.0,250.0,12.5,8,0.1975332171181779,0.31137009229011897,0.29576835797757084
5.0,250.0,12.5,10,0.19753346472069275,0.3113731490371467,0.2957815940118182
5.0,250.0,25.0,4,0.2021140222628494,0.36445739512085185,0.49766189822756823
5.0,250.0,25.0,6,0.20435884444861935,0.39045104690890703,0.5963296106766691
5.0,250.0,25.0,8,0.20657430417050554,0.416090540051401,0.6935309863140822
5.0,250.0,25.0,10,0.20876134931715892,0.44138747284403335,0.7893154107713418
5.0,250.0,37.5,4,0.2339551308548566,0.6924730271120508,1.4252633660476766
5.0,250.0,37.5,6,0.2507023670178073,0.8663514763950736,1.929090299609281
5.0,250.0,37.5,8,0.2666291183901076,1.0309363857086014,2.399418517666629
5.0,250.0,37.5,10,0.28182572978408266,1.1872827723366746,2.8403291119522147
5.0,250.0,50.0,4,0.28578026175183013,1.1070615027392263,2.010806798969761
5.0,250.0,50.0,6,0.32426034767132067,1.4457101143891098,2.692565086493489
5.0,250.0,50.0,8,0.35986459896596634,1.7546704455479603,3.290124187645356
5.0,250.0,50.0,10,0.39304538070355355,2.03887077602421,3.819573823231846
5.0,250.0,62.5,4,0.34117051722293656,1.374583855400267,2.0250983859164933
5.0,250.0,62.5,6,0.40145127514141277,1.7978399996235492,2.6411730180379074
5.0,250.0,62.5,8,0.45619747460421817,2.170806166321914,3.1516171257626393
5.0,250.0,62.5,10,0.5064276278570916,2.503593640377173,3.5822724910373287
5.0,300.0,6.0,4,0.1975322266960016,0.31135786515077485,0.2957154131724466
5.0,300.0,6.0,6,0.1975322266960016,0.31135786515077485,0.2957154131724466
5.0,300.0,6.0,8,0.1975322266960016,0.31135786515077485,0.2957154131724466
5.0,300.0,6.0,10,0.1975322266960016,0.31135786515077485,0.2957154131724466
5.0,300.0,15.0,4,0.1975322266960016,0.31135786515077485,0.2957154131724466
5.0,300.0,15.0,6,0.1975322266960016,0.31135786515077485,0.29571541317244676
5.0,300.0,15.0,8,0.1975322266960016,0.31135786515077485,0.29571541317244676
5.0,300.0,15.0,10,0.1975322266960016,0.3113578651507749,0.295715413172447
5.0,300.0,30.0,4,0.19753731943441222,0.31141831675838033,0.29595763625194865
5.0,300.0,30.0,6,0.19753986572481597,0.3114485415971558,0.2960787436759749
5.0,300.0,30.0,8,0.19754241196268887,0.3114787657926247,0.2961998483563868
5.0,300.0,30.0,10,0.19754495814803397,0.3115089893448234,0.2963209502933332
5.0,300.0,45.0,4,0.19918344936026616,0.32944480528977316,0.35609543924558
5.0,300.0,45.0,6,0.20000491622234148,0.338439499459551,0.3860935374161828
5.0,300.0,45.0,8,0.2008236511370982,0.3474020502837042,0.41596523731567936
5.0,300.0,45.0,10,0.20163967697406546,0.3563327332651955,0.44571167679560164
5.0,300.0,60.0,4,0.21282137398793435,0.45945636242784105,0.6777194539142544
5.0,300.0,60.0,6,0.22024154996578088,0.531018428272286,0.8601905941876439
5.0,300.0,60.0,8,0.22752139560912407,0.6010295660324246,1.0373803691611088
5.0,300.0,60.0,10,0.2346672181140064,0.6695625655875579,1.209563036633492
5.0,300.0,75.0,4,0.2443649130964189,0.6933130801875764,1.058266054986467
5.0,300.0,75.0,6,0.26625220649243253,0.8687516158249219,1.3958046308945946
5.0,300.0,75.0,8,0.28725093918702377,1.0352560197118716,1.7088742977223415
5.0,300.0,75.0,10,0.30744117757892936,1.193691936697081,2.0002669587029085
5.0,400.0,8.0,4,0.1975322266960016,0.31135786515077485,0.2957154131724466
5.0,400.0,8.0,6,0.1975322266960016,0.31135786515077485,0.2957154131724466
5.0,400.0,8.0,8,0.1975322266960016,0.31135786515077485,0.2957154131724466
5.0,400.0,8.0,10,0.1975322266960016,0.31135786515077485,0.2957154131724466
5.0,400.0,20.0,4,0.1975322266960016,0.31135786515077485,0.2957154131724466
5.0,400.0,20.0,6,0.1975322266960016,0.31135786515077485,0.2957154131724466
5.0,400.0,20.0,8,0.1975322266960016,0.31135786515077485,0.2957154131724466
5.0,400.0,20.0,10,0.1975322266960016,0.31135786515077485,0.2957154131724466
5.0,400.0,40.0,4,0.19753222670160783,0.31135786521781966,0.2957154134452798
5.0,400.0,40.0,6,0.19753222670441098,0.31135786525134207,0.29571541358169523
5.0,400.0,40.0,8,0.197532226707214,0.3113578652848649,0.2957154137181135
5.0,400.0,40.0,10,0.1975322267100171,0.3113578653183876,0.29571541385453115
5.0,400.0,60.0,4,0.1975357744954029,0.31139721162641537,0.295850994168856
5.0,400.0,60.0,6,0.1975375483741178,0.3114168846151391,0.29591878366900337
5.0,400.0,60.0,8,0.19753932223884266,0.3114365574378027,0.2959865725037958
5.0,400.0,60.0,10,0.1975410960895778,0.3114562300944112,0.2960543606732491
5.0,400.0,80.0,4,0.19801309907344028,0.31608943326660754,0.3085557531855179
5.0,400.0,80.0,6,0.1982532919047019,0.3184524786862747,0.31496617002742605
5.0,400.0,80.0,8,0.198493322862912,0.32081370262734277,0.3213701014464126
5.0,400.0,80.0,10,0.19873319222105254,0.32317310828852613,0.32776755991106404
5.0,400.0,100.0,4,0.2027541861723576,0.35480016191025293,0.3891128248561512
5.0,400.0,100.0,6,0.20534402182145403,0.37630093973674955,0.43514687069927904
5.0,400.0,100.0,8,0.2079200045172281,0.39765751811759925,0.4807473031195598
5.0,400.0,100.0,10,0.2104823117817315,0.41887187730557945,0.5259210334307639
5.0,500.0,10.0,4,0.1975322266960016,0.31135786515077485,0.2957154131724466
5.0,500.0,10.0,6,0.1975322266960016,0.31135786515077485,0.2957154131724466
5.0,500.0,10.0,8,0.1975322266960016,0.31135786515077485,0.2957154131724466
5.0,500.0,10.0,10,0.1975322266960016,0.31135786515077485,0.2957154131724466
5.0,500.0,25.0,4,0.1975322266960016,0.31135786515077485,0.2957154131724466
5.0,500.0,25.0,6,0.1975322266960016,0.31135786515077485,0.2957154131724466
5.0,500.0,25.0,8,0.1975322266960016,0.31135786515077485,0.2957154131724466
5.0,500.0,25.0,10,0.1975322266960016,0.31135786515077485,0.2957154131724466
5.0,500.0,50.0,4,0.19753222669600173,0.3113578651507753,0.2957154131724513
5.0,500.0,50.0,6,0.19753222669600176,0.311357865150776,0.29571541317245276
5.0,500.0,50.0,8,0.1975322266960018,0.3113578651507766,0.2957154131724544
5.0,500.0,50.0,10,0.19753222669600184,0.31135786515077724,0.295715413172457
5.0,500.0,75.0,4,0.19753225345253292,0.3113581595442657,0.29571641125952275
5.0,500.0,75.0,6,0.19753226683079741,0.3113583067409977,0.2957169103030062
5.0,500.0,75.0,8,0.19753228020906113,0.31135845393772127,0.29571740934645546
5.0,500.0,75.0,10,0.197532293587324,0.31135860113443503,0.295717908389866
5.0,500.0,100.0,4,0.19756358401238752,0.3116601370713439,0.29651549995089715
5.0,500.0,100.0,6,0.19757926167639192,0.3118112619167318,0.2969155043041029
5.0,500.0,100.0,8,0.1975949386776975,0.3119623793532836,0.2973154826375315
5.0,500.0,100.0,10,0.19761061501637484,0.31211348938181893,0.29771543495436165
5.0,500.0,125.0,4,0.1984567800165441,0.31878511042603513,0.31135395438452274
5.0,500.0,125.0,6,0.19891841069489186,0.322492087869921,0.3191535755200963
5.0,500.0,125.0,8,0.19937961200635612,0.32619464947582616,0.32694014638668717
5.0,500.0,125.0,10,0.19984038491228298,0.32989280591095715,0.3347137038265537
8.0,150.0,3.0,4,0.21307688740701086,0.1885467925848151,0.29571541316694555
8.0,150.0,3.0,6,0.21950182917096306,0.13778107113305377,0.2957154131641971
8.0,150.0,3.0,8,0.22529964789974097,0.09196785784622477,0.2957154131614474
8.0,150.0,3.0,10,0.23059365083419794,0.050133550986632365,0.29571541315869615
8.0,150.0,7.5,4,0.23631128680173144,0.002265692422657039,0.28087402105550086
8.0,150.0,7.5,6,0.25233695957221786,-0.12555123239551197,0.2734855515705213
8.0,150.0,7.5,8,0.26679714925055387,-0.24092326257120436,0.2661183620934458
8.0,150.0,7.5,10,0.2799997546927193,-0.34629525417485696,0.2587723015607382
8.0,150.0,15.0,4,0.274494343044255,-0.3159324583410064,-0.35916103487125633
8.0,150.0,15.0,6,0.3062808663898456,-0.5751976487866411,-0.6624089935132712
8.0,150.0,15.0,8,0.33495314453112485,-0.8091220390125825,-0.9518101248178055
8.0,150.0,15.0,10,0.3611243222008085,-1.0226731517624899,-1.228732728280265
8.0,150.0,22.5,4,0.31142904657960613,-0.5508433557680583,-1.2482736222913695
8.0,150.0,22.5,6,0.3584197895907684,-0.8997832767658221,-1.9187275755675064
8.0,150.0,22.5,8,0.4007815982303824,-1.2106550593579901,-2.536503970096696
8.0,150.0,22.5,10,0.43942747465226695,-1.4910553539937916,-3.1095281390986367
8.0,150.0,30.0,4,0.3456226476163779,-0.6039739739586629,-1.6805746644123623
8.0,150.0,30.0,6,0.40655292594790826,-0.9595111791356209,-2.4925943882608985
8.0,150.0,30.0,8,0.461393299190486,-1.268905345371363,-3.2186158488489203
8.0,150.0,30.0,10,0.5113483232010712,-1.5419864388107087,-3.8741220800608973
8.0,150.0,37.5,4,0.37339846146703615,-0.5375381185813274,-1.6898480414294437
8.0,150.0,37.5,6,0.44523834589970057,-0.8523401762792182,-2.4626433867455226
8.0,150.0,37.5,8,0.5096226361056967,-1.1193219123874911,-3.1332885509436523
8.0,150.0,37.5,10,0.5680354251594875,-1.3495037550847528,-3.722668180604909
8.0,200.0,4.0,4,0.23357299238724682,0.7065378855950658,1.6051856480362452
8.0,200.0,4.0,6,0.24859175460306646,0.8712101810709032,2.1507870523516583
8.0,200.0,4.0,8,0.2621930303920093,1.0203376050802353,2.6448540915456977
8.0,200.0,4.0,10,0.274647345710722,1.1568869849238592,3.097223570241263
8.0,200.0,10.0,4,0.27801090558758873,1.170922470781661,2.9339231098779797
8.0,200.0,10.0,6,0.3110609458387289,1.5225935214085236,4.000814471403057
8.0,200.0,10.0,8,0.34074880623392645,1.837809026257582,4.950683612974966
8.0,200.0,10.0,10,0.367733735805732,2.123757550433434,5.80698109092573
8.0,200.0,20.0,4,0.32423341695749053,1.5265384609382584,2.8249233475950324
8.0,200.0,20.0,6,0.3757908362515516,2.013964070976683,3.7749319898978326
8.0,200.0,20.0,8,0.4219139547345595,2.446576590847416,4.586888083971247
8.0,200.0,20.0,10,0.463702806763999,2.8357484880429213,5.292153493132109
8.0,200.0,30.0,4,0.36034137182384474,1.648515585238854,1.9764862152361051
8.0,200.0,30.0,6,0.4264780839151836,2.175473845471459,2.55871215658229
8.0,200.0,30.0,8,0.48559680915224335,2.6386418626428108,3.0347661463704787
8.0,200.0,30.0,10,0.5391245255836367,3.051630633065264,3.432022113297017
8.0,200.0,40.0,4,0.39028791702300697,1.5947391150501096,1.3729043821496834
8.0,200.0,40.0,6,0.46838288025634034,2.0862812562232342,1.7264421497394364
8.0,200.0,40.0,8,0.5380872503510907,2.51128506046818,2.0077990201820053
8.0,200.0,40.0,10,0.6011133415170358,2.884490970679211,2.2371965018053914
8.0,200.0,50.0,4,0.4139620359811351,1.4332055622104742,1.0095530380136342
8.0,200.0,50.0,6,0.5012457214182603,1.847038968156611,1.2364767995302064
8.0,200.0,50.0,8,0.5789472939423517,2.197231916133116,1.4143988369422382
8.0,200.0,50.0,10,0.6490343835874736,2.4986524945969446,1.55768689905247
8.0,250.0,5.0,4,0.1975322266960017,0.3113578651507756,0.29571541317244576
8.0,250.0,5.0,6,0.1975322266960017,0.3113578651507756,0.29571541317244576
8.0,250.0,5.0,8,0.1975322266960017,0.3113578651507756,0.29571541317244576
8.0,250.0,5.0,10,0.1975322266960017,0.3113578651507756,0.29571541317244576
8.0,250.0,12.5,4,0.19753253620501426,0.31136168615781284,0.29573195853888173
8.0,250.0,12.5,6,0.19753269095881063,0.3113635966524712,0.29574023118295445
8.0,250.0,12.5,8,0.1975328457121337,0.3113655071412209,0.2957485038009228
8.0,250.0,12.5,10,0.19753300046498343,0.3113674176240636,0.29575677639279646
8.0,250.0,25.0,4,0.2004105361982412,0.34472239149493616,0.4226675186418497
8.0,250.0,25.0,6,0.20183130567628263,0.3611826838702284,0.4852227632260748
8.0,250.0,25.0,8,0.20324016495049138,0.37749924093688103,0.547182242000488
8.0,250.0,25.0,10,0.20463736273637897,0.3936751076060483,0.6085589336102338
8.0,250.0,37.5,4,0.22079092494899685,0.5551999188252796,1.022428241839934
8.0,250.0,37.5,6,0.23179880632547187,0.6700235416473345,1.3596914357402279
8.0,250.0,37.5,8,0.24243766307816406,0.780648287338792,1.6816530212873215
8.0,250.0,37.5,10,0.25273606035701857,0.8874091972340564,1.9896215725904727
8.0,250.0,50.0,4,0.25467632167921933,0.8296741994809815,1.4311501535028066
8.0,250.0,50.0,6,0.2807400092578718,1.0623354830283847,1.9186446126375996
8.0,250.0,50.0,8,0.3054132946305376,1.2804638210333132,2.3634257224625252
8.0,250.0,50.0,10,0.3288576487624543,1.4858388844454296,2.7714858630948
8.0,250.0,62.5,4,0.29148401368651083,1.0156231664297808,1.4709234861750065
8.0,250.0,62.5,6,0.33318065936468244,1.3174809195934658,1.9389120902103207
8.0,250.0,62.5,8,0.37208039523287795,1.593277035210732,2.348386869510065
8.0,250.0,62.5,10,0.4085730821798362,1.8469696447914643,2.7101257668442824
8.0,300.0,6.0,4,0.1975322266960017,0.3113578651507756,0.29571541317244576
8.0,300.0,6.0,6,0.1975322266960017,0.3113578651507756,0.29571541317244576
8.0,300.0,6.0,8,0.1975322266960017,0.3113578651507756,0.29571541317244576
8.0,300.0,6.0,10,0.1975322266960017,0.3113578651507756,0.29571541317244576
8.0,300.0,15.0,4,0.1975322266960017,0.3113578651507756,0.29571541317244576
8.0,300.0,15.0,6,0.1975322266960017,0.3113578651507756,0.29571541317244576
8.0,300.0,15.0,8,0.1975322266960017,0.3113578651507756,0.29571541317244576
8.0,300.0,15.0,10,0.1975322266960017,0.3113578651507756,0.29571541317244576
8.0,300.0,30.0,4,0.19753540968213448,0.3113956477071083,0.2958668038833411
8.0,300.0,30.0,6,0.19753700114441805,0.3114145386082989,0.2959424976310267
8.0,300.0,30.0,8,0.19753859258618062,0.31143342925818346,0.2960181903069253
8.0,300.0,30.0,10,0.19754018400742265,0.3114523196567686,0.2960938819110671
8.0,300.0,45.0,4,0.19856554243401267,0.3226775226430693,0.3335132228917489
8.0,300.0,45.0,6,0.19908057276093793,0.3283181945656776,0.35233673228053625
8.0,300.0,45.0,8,0.1995945257265952,0.33394618766456124,0.3711103598763218
8.0,300.0,45.0,10,0.2001074070179749,0.3395615704643215,0.38983438881569077
8.0,300.0,60.0,4,0.20716007373196368,0.40471989546864984,0.5372220127418238
8.0,300.0,60.0,6,0.2118836516776916,0.45039820253639,0.6545246580294102
8.0,300.0,60.0,8,0.21654941648944723,0.4954360352264466,0.7696332245717846
8.0,300.0,60.0,10,0.2211590710214032,0.5398530896140696,0.882622300639207
8.0,300.0,75.0,4,0.22731051347983047,0.5552643658231688,0.7870692372245667
8.0,300.0,75.0,6,0.24156202459358336,0.6707062088605332,1.0141937873527194
8.0,300.0,75.0,8,0.25542513379235504,0.782208833430514,1.2302883332376295
8.0,300.0,75.0,10,0.2689238796197509,0.8900341555876102,1.4362144777276316
8.0,400.0,8.0,4,0.1975322266960017,0.3113578651507756,0.29571541317244576
8.0,400.0,8.0,6,0.1975322266960017,0.3113578651507756,0.29571541317244576
8.0,400.0,8.0,8,0.1975322266960017,0.3113578651507756,0.29571541317244576
8.0,400.0,8.0,10,0.1975322266960017,0.3113578651507756,0.29571541317244576
8.0,400.0,20.0,4,0.1975322266960017,0.3113578651507756,0.29571541317244576
8.0,400.0,20.0,6,0.1975322266960017,0.3113578651507756,0.29571541317244576
8.0,400.0,20.0,8,0.1975322266960017,0.3113578651507756,0.29571541317244576
8.0,400.0,20.0,10,0.1975322266960017,0.3113578651507756,0.29571541317244576
8.0,400.0,40.0,4,0.19753222669950535,0.31135786519267766,0.2957154133429675
8.0,400.0,40.0,6,0.19753222670125753,0.3113578652136283,0.2957154134282262
8.0,400.0,40.0,8,0.1975322267030093,0.3113578652345802,0.29571541351348685
8.0,400.0,40.0,10,0.1975322267047613,0.3113578652555321,0.2957154135987464
8.0,400.0,60.0,4,0.19753444407718548,0.3113824567758936,0.29580015160709827
8.0,400.0,60.0,6,0.1975355527595798,0.3113947524911482,0.295842520434553
8.0,400.0,60.0,8,0.19753666143650914,0.31140704814153464,0.2958848890020981
8.0,400.0,60.0,10,0.1975377701079735,0.31141934372705365,0.2959272573097362
8.0,400.0,80.0,4,0.19783284805615658,0.31431595192713196,0.303743676973691
8.0,400.0,80.0,6,0.197983063574208,0.3157939243567676,0.30775399445154167
8.0,400.0,80.0,8,0.19813321574029374,0.31727118386154346,0.3117617730650768
8.0,400.0,80.0,10,0.19828330462130497,0.3187477312253326,0.31576701587030254
8.0,400.0,100.0,4,0.20080260949175163,0.3385787315889528,0.35429848071410536
8.0,400.0,100.0,6,0.202429473691058,0.3521023253267592,0.38332773005050375
8.0,400.0,100.0,8,0.20405084685917335,0.3655687012259249,0.41218448782775435
8.0,400.0,100.0,10,0.20566677356494237,0.37897835691267234,0.4408704946775206
8.0,500.0,10.0,4,0.1975322266960017,0.3113578651507756,0.29571541317244576
8.0,500.0,10.0,6,0.1975322266960017,0.3113578651507756,0.29571541317244576
8.0,500.0,10.0,8,0.1975322266960017,0.3113578651507756,0.29571541317244576
8.0,500.0,10.0,10,0.1975322266960017,0.3113578651507756,0.29571541317244576
8.0,500.0,25.0,4,0.1975322266960017,0.3113578651507756,0.29571541317244576
8.0,500.0,25.0,6,0.1975322266960017,0.3113578651507756,0.29571541317244576
8.0,500.0,25.0,8,0.1975322266960017,0.3113578651507756,0.29571541317244576
8.0,500.0,25.0,10,0.1975322266960017,0.3113578651507756,0.29571541317244576
8.0,500.0,50.0,4,0.19753222669600176,0.3113578651507764,0.29571541317244915
8.0,500.0,50.0,6,0.19753222669600176,0.3113578651507768,0.29571541317244854
8.0,500.0,50.0,8,0.19753222669600182,0.3113578651507771,0.29571541317245
8.0,500.0,50.0,10,0.19753222669600182,0.31135786515077746,0.2957154131724514
8.0,500.0,75.0,4,0.19753224341883402,0.3113580491467103,0.295716036976886
8.0,500.0,75.0,6,0.19753225178024972,0.311358141144673,0.29571634887908516
8.0,500.0,75.0,8,0.19753226014166528,0.31135823314263295,0.2957166607812677
8.0,500.0,75.0,10,0.19753226850308028,0.3113583251405892,0.29571697268343916
8.0,500.0,100.0,4,0.197551825329446,0.31154678857476087,0.2962154796086016
8.0,500.0,100.0,6,0.19756162425778742,0.31164124594469567,0.2964654975770736
8.0,500.0,100.0,8,0.19757142292723137,0.3117357004201936,0.29671550538017
8.0,500.0,100.0,10,0.19758122133779507,0.31183015200145486,0.29696550301867025
8.0,500.0,125.0,4,0.1981102746554498,0.3160019730093957,0.30549565204474194
8.0,500.0,125.0,6,0.19839904594387364,0.3183214272240753,0.3103780823046816
8.0,500.0,125.0,8,0.1986876490868014,0.32063915179602087,0.3152553985445335
8.0,500.0,125.0,10,0.19897608432007702,0.3229551493426452,0.3201276098079845
10.0,150.0,3.0,4,0.21029384722471556,0.2105356195525503,0.29571541316804867
10.0,150.0,3.0,6,0.21573197763957475,0.1675683626144791,0.29571541316584743
10.0,150.0,3.0,8,0.2207069892315157,0.1282583386569421,0.2957154131636487
10.0,150.0,3.0,10,0.22529964789974097,0.09196785784622413,0.29571541316144795
10.0,150.0,7.5,4,0.22936911720049172,0.057619833450341384,0.28383540142592323
10.0,150.0,7.5,6,0.2429340321824814,-0.05054991702053862,0.2779160699192776
10.0,150.0,7.5,8,0.2553428157531794,-0.1495305554274287,0.27201041613378785
10.0,150.0,7.5,10,0.2667971492505538,-0.2409232625712042,0.2661183620934459
10.0,150.0,15.0,4,0.26072138568393033,-0.20362233787057135,-0.23363051901936976
10.0,150.0,15.0,6,0.28763169290955437,-0.42307643775392534,-0.4822194232446094
10.0,150.0,15.0,8,0.3122417172287289,-0.6238255915766849,-0.7213498448824118
10.0,150.0,15.0,10,0.3349531445311247,-0.8091220390125807,-0.951810124817806
10.0,150.0,22.5,4,0.29105905970013374,-0.3982995331228477,-0.9631259273526063
10.0,150.0,22.5,6,0.33085384255733646,-0.6955949730869302,-1.5233742279781
10.0,150.0,22.5,8,0.3672285934114524,-0.9647212844682299,-2.0462139110370647
10.0,150.0,22.5,10,0.4007815982303824,-1.2106550593579892,-2.536503970096697
10.0,150.0,30.0,4,0.31917895624744697,-0.44582380746223205,-1.3271813276268458
10.0,150.0,30.0,6,0.37082192719707,-0.752517412246596,-2.016903752201254
10.0,150.0,30.0,8,0.41796349361658275,-1.0247151689705831,-2.644115052170836
10.0,150.0,30.0,10,0.46139329919048605,-1.2689053453713648,-3.2186158488489207
10.0,150.0,37.5,4,0.34212316977088253,-0.3947923691095346,-1.3458754203177554
10.0,150.0,37.5,6,0.4031478961130549,-0.6700949566899749,-2.012877802414911
10.0,150.0,37.5,8,0.4586565595375238,-0.9091483746865044,-2.6041743214472355
10.0,150.0,37.5,10,0.5096226361056966,-1.1193219123874922,-3.1332885509436506
10.0,200.0,4.0,4,0.2270872275910249,0.6354240916728039,1.3695568583491649
10.0,200.0,4.0,6,0.23977207118198612,0.774507709114625,1.8303912368420279
10.0,200.0,4.0,8,0.2514154200871085,0.9021697115854295,2.253360002152514
10.0,200.0,4.0,10,0.26219303039200936,1.0203376050802346,2.6448540915456946
10.0,200.0,10.0,4,0.2636504730135302,1.0178749425634548,2.467301865590184
10.0,200.0,10.0,6,0.2916868580987024,1.316538051845882,3.376592700315157
10.0,200.0,10.0,8,0.3172431075157269,1.5882870772071318,4.199281508364447
10.0,200.0,10.0,10,0.34074880623392667,1.8378090262575815,4.950683612974966
10.0,200.0,20.0,4,0.301753603134913,1.3127387046518044,2.396507598016659
10.0,200.0,20.0,6,0.3455966522319801,1.7290006367873576,3.2240440499794105
10.0,200.0,20.0,8,0.3854093384708704,2.10444822566365,3.9471909023818124
10.0,200.0,20.0,10,0.4219139547345594,2.4465765908474153,4.586888083971244
10.0,200.0,30.0,4,0.33148595973913647,1.4156768626185785,1.7050873175413526
10.0,200.0,30.0,6,0.3877527127611645,1.8680530629234262,2.2243928161285496
10.0,200.0,30.0,8,0.43881021391643316,2.2727024375705884,2.661375150196817
10.0,200.0,30.0,10,0.48559680915224346,2.638641862642813,3.0347661463704787
10.0,200.0,40.0,4,0.3561773449173849,1.374917789841912,1.2046080406164903
10.0,200.0,40.0,6,0.4226702414401033,1.8005370608230908,1.524695778513757
10.0,200.0,40.0,8,0.4829313167196769,2.176052895760988,1.787708737202642
10.0,200.0,40.0,10,0.5380872503510907,2.51128506046818,2.0077990201820097
10.0,200.0,50.0,4,0.37576371279047066,1.245193903832839,0.9002328005913747
10.0,200.0,50.0,6,0.45018344602284327,1.6075912113434885,1.107437154301609
10.0,200.0,50.0,8,0.517479388708177,1.9216092332172756,1.275423014253922
10.0,200.0,50.0,10,0.5789472939423518,2.1972319161331155,1.4143988369422402
10.0,250.0,5.0,4,0.19753222669600173,0.31135786515077524,0.29571541317244615
10.0,250.0,5.0,6,0.19753222669600173,0.31135786515077524,0.29571541317244615
10.0,250.0,5.0,8,0.19753222669600173,0.31135786515077524,0.29571541317244615
10.0,250.0,5.0,10,0.19753222669600173,0.31135786515077524,0.29571541317244615
10.0,250.0,12.5,4,0.1975324743033633,0.3113609219582965,0.29572864947394945
10.0,250.0,12.5,6,0.19753259810658977,0.3113624503563854,0.29573526759964563
10.0,250.0,12.5,8,0.1975327219095132,0.3113639787506931,0.29574188570863624
10.0,250.0,12.5,10,0.1975328457121337,0.31136550714122124,0.2957485038009244
10.0,250.0,25.0,4,0.1998388361490523,0.33809732576871737,0.39747560910859475
10.0,250.0,25.0,6,0.2009802894977018,0.3513239560708289,0.4477619585226995
10.0,250.0,25.0,8,0.20211402226284947,0.3644573951208522,0.49766189822757
10.0,250.0,25.0,10,0.2032401649504915,0.37749924093688036,0.5471822420004852
10.0,250.0,37.5,4,0.21627727740720998,0.5080105503458748,0.882908168043388
10.0,250.0,37.5,6,0.22524035153911082,0.6016566196882938,1.1592613341051383
10.0,250.0,37.5,8,0.23395513085485667,0.6924730271120524,1.4252633660476766
10.0,250.0,37.5,10,0.24243766307816403,0.7806482873387912,1.6816530212873206
10.0,250.0,50.0,4,0.24381853431933212,0.7320641036255323,1.2225672154480507
10.0,250.0,50.0,6,0.2652804002419584,0.9246127188194595,1.6317157677231962
10.0,250.0,50.0,8,0.2857802617518303,1.1070615027392263,2.0108067989697624
10.0,250.0,50.0,10,0.3054132946305378,1.2804638210333148,2.3634257224625284
10.0,250.0,62.5,4,0.2739146151267145,0.8864793995146577,1.2642551361693775
10.0,250.0,62.5,6,0.308527426319326,1.1397915278146495,1.665968313035985
10.0,250.0,62.5,8,0.3411705172229365,1.374583855400267,2.0250983859164893
10.0,250.0,62.5,10,0.3720803952328779,1.593277035210731,2.348386869510064
10.0,300.0,6.0,4,0.19753222669600173,0.31135786515077524,0.29571541317244615
10.0,300.0,6.0,6,0.19753222669600173,0.31135786515077524,0.29571541317244615
10.0,300.0,6.0,8,0.19753222669600173,0.31135786515077524,0.29571541317244615
10.0,300.0,6.0,10,0.19753222669600173,0.31135786515077524,0.29571541317244615
10.0,300.0,15.0,4,0.19753222669600173,0.31135786515077524,0.29571541317244615
10.0,300.0,15.0,6,0.19753222669600173,0.31135786515077524,0.29571541317244615
10.0,300.0,15.0,8,0.19753222669600173,0.31135786515077524,0.29571541317244615
10.0,300.0,15.0,10,0.19753222669600173,0.31135786515077524,0.29571541317244615
10.0,300.0,30.0,4,0.19753477309147516,0.31138809127626516,0.29583652608415717
10.0,300.0,30.0,6,0.19753604626951057,0.3114032040977431,0.29589708151103167
10.0,300.0,30.0,8,0.19753731943441227,0.31141831675838044,0.29595763625195076
10.0,300.0,30.0,10,0.19753859258618062,0.3114334292581837,0.2960181903069253
10.0,300.0,45.0,4,0.19835922735862885,0.3204176883371556,0.32596978831796025
10.0,300.0,45.0,6,0.19877168421418975,0.32493531728198366,0.34104863069079794
10.0,300.0,45.0,8,0.19918344936026622,0.3294448052897733,0.35609543924558185
10.0,300.0,45.0,10,0.19959452572659528,0.3339461876645613,0.3711103598763238
10.0,300.0,60.0,4,0.20525405705295927,0.3862646341454754,0.4896691346052756
10.0,300.0,60.0,6,0.20905655500828085,0.4230693776177834,0.584411300257557
10.0,300.0,60.0,8,0.21282137398793435,0.45945636242784155,0.6777194539142545
10.0,300.0,60.0,10,0.21654941648944745,0.49543603522644625,0.7696332245717861
10.0,300.0,75.0,4,0.22149526876735995,0.50792028641807,0.692917536098077
10.0,300.0,75.0,6,0.2330593718855437,0.6019317847490483,0.8793021588700437
10.0,300.0,75.0,8,0.24436491309641892,0.6933130801875765,1.0582660549864642
10.0,300.0,75.0,10,0.25542513379235504,0.7822088334305134,1.23028833323763
10.0,400.0,8.0,4,0.19753222669600173,0.31135786515077524,0.29571541317244615
10.0,400.0,8.0,6,0.19753222669600173,0.31135786515077524,0.29571541317244615
10.0,400.0,8.0,8,0.19753222669600173,0.31135786515077524,0.29571541317244615
10.0,400.0,8.0,10,0.19753222669600173,0.31135786515077524,0.29571541317244615
10.0,400.0,20.0,4,0.19753222669600173,0.31135786515077524,0.29571541317244615
10.0,400.0,20.0,6,0.19753222669600173,0.31135786515077524,0.29571541317244615
10.0,400.0,20.0,8,0.19753222669600173,0.31135786515077524,0.29571541317244615
10.0,400.0,20.0,10,0.19753222669600173,0.31135786515077524,0.29571541317244615
10.0,400.0,40.0,4,0.19753222669880477,0.31135786518429803,0.2957154133088619
10.0,400.0,40.0,6,0.19753222670020626,0.3113578652010579,0.2957154133770719
10.0,400.0,40.0,8,0.19753222670160786,0.31135786521781966,0.29571541344527774
10.0,400.0,40.0,10,0.1975322267030093,0.3113578652345803,0.2957154135134874
10.0,400.0,60.0,4,0.19753400060269757,0.31137753847162863,0.2957832040033428
10.0,400.0,60.0,6,0.19753488755079893,0.31138737506978,0.29581709916926596
10.0,400.0,60.0,8,0.19753577449540294,0.31139721162641565,0.2958509941688567
10.0,400.0,60.0,10,0.1975366614365091,0.31140704814153436,0.2958848890020988
10.0,400.0,80.0,4,0.19777274409537932,0.31372456316046343,0.30213883841490585
10.0,400.0,80.0,6,0.19789294186989914,0.3149072265001963,0.3053481088243713
10.0,400.0,80.0,8,0.19801309907344028,0.3160894332666068,0.308555753185518
10.0,400.0,80.0,10,0.19813321574029372,0.31727118386154346,0.311761773065076
10.0,400.0,100.0,4,0.2001503162252638,0.333153160308419,0.34263808846015836
10.0,400.0,100.0,6,0.20145401697258822,0.34399506736080737,0.3659309919210365
10.0,400.0,100.0,8,0.20275418617235766,0.35480016191025304,0.3891128248561553
10.0,400.0,100.0,10,0.2040508468591732,0.3655687012259247,0.41218448782775474
10.0,500.0,10.0,4,0.19753222669600173,0.31135786515077524,0.29571541317244615
10.0,500.0,10.0,6,0.19753222669600173,0.31135786515077524,0.29571541317244615
10.0,500.0,10.0,8,0.19753222669600173,0.31135786515077524,0.29571541317244615
10.0,500.0,10.0,10,0.19753222669600173,0.31135786515077524,0.29571541317244615
10.0,500.0,25.0,4,0.19753222669600173,0.31135786515077524,0.29571541317244615
10.0,500.0,25.0,6,0.19753222669600173,0.31135786515077524,0.29571541317244615
10.0,500.0,25.0,8,0.19753222669600173,0.31135786515077524,0.29571541317244615
10.0,500.0,25.0,10,0.19753222669600173,0.31135786515077524,0.29571541317244615
10.0,500.0,50.0,4,0.19753222669600173,0.31135786515077574,0.2957154131724482
10.0,500.0,50.0,6,0.1975322266960018,0.31135786515077607,0.29571541317244987
10.0,500.0,50.0,8,0.19753222669600184,0.31135786515077635,0.295715413172451
10.0,500.0,50.0,10,0.19753222669600184,0.3113578651507766,0.295715413172452
10.0,500.0,75.0,4,0.19753224007426773,0.3113580123475242,0.2957159122160015
10.0,500.0,75.0,6,0.19753224676340042,0.31135808594589687,0.2957161617377665
10.0,500.0,75.0,8,0.19753225345253286,0.3113581595442665,0.2957164112595222
10.0,500.0,75.0,10,0.19753226014166533,0.31135823314263344,0.2957166607812676
10.0,500.0,100.0,4,0.19754790568561412,0.311509004816298,0.29611546957473595
10.0,500.0,100.0,6,0.1975557449318514,0.31158457187007904,0.29631548801588115
10.0,500.0,100.0,8,0.19756358401238755,0.3116601370713441,0.29651549995089543
10.0,500.0,100.0,10,0.19757142292723154,0.3117357004201935,0.2967155053801674
10.0,500.0,125.0,4,0.19799471900640814,0.3150737064360633,0.3035412459848901
10.0,500.0,125.0,6,0.19822580336339568,0.3169299624201708,0.30744923841089994
10.0,500.0,125.0,8,0.19845678001654402,0.31878511042603536,0.31135395438452446
10.0,500.0,125.0,10,0.19868764908680128,0.320639151796022,0.31525539854453677
11.0,150.0,3.0,4,0.20924726855957965,0.2188044980832854,0.29571541316844413
11.0,150.0,3.0,6,0.21429880032689708,0.17889226492311988,0.29571541316644473
11.0,150.0,3.0,8,0.21894586294844168,0.1421740761146521,0.29571541316444405
11.0,150.0,3.0,10,0.2232552281262965,0.10812273867483886,0.2957154131624467
11.0,150.0,7.5,4,0.22675840127745434,0.07843431171767826,0.2849131191634152
11.0,150.0,7.5,6,0.23935920629407087,-0.02204008348264169,0.2795290732911035
11.0,150.0,7.5,8,0.25095027621203597,-0.11448948378064538,0.2741563489917113
11.0,150.0,7.5,10,0.26169834998417874,-0.20023757513244525,0.26879488750683606
11.0,150.0,15.0,4,0.2555413158003541,-0.16138710834779943,-0.1873474017123646
11.0,150.0,15.0,6,0.28054064140190066,-0.36524218431317035,-0.4153963668943611
11.0,150.0,15.0,8,0.3035308371641985,-0.5527640375208581,-0.6354355853941417
11.0,150.0,15.0,10,0.32484401395953916,-0.726640935357402,-0.8480842247978201
11.0,150.0,22.5,4,0.28339638869130407,-0.3407220520303061,-0.8567909883891216
11.0,150.0,22.5,6,0.3203696844989926,-0.6175557432498979,-1.3745200282002588
11.0,150.0,22.5,8,0.3543555153193532,-0.8697704066982049,-1.8600895154277763
11.0,150.0,22.5,10,0.3858485887621069,-1.1014804370002713,-2.3174099547423723
11.0,150.0,30.0,4,0.3092267279469416,-0.38570237495815934,-1.194118088794707
11.0,150.0,30.0,6,0.35722322597193995,-0.6726192348561396,-1.83547303133586
11.0,150.0,30.0,8,0.4012870133592668,-0.9292731088604644,-2.422598736612681
11.0,150.0,30.0,10,0.442071122317804,-1.1610427571259847,-2.9634829974842893
11.0,150.0,37.5,4,0.33033771375719084,-0.34009218734558233,-1.215137049933067
11.0,150.0,37.5,6,0.3871003352733155,-0.5989789853694868,-1.839142968353691
11.0,150.0,37.5,8,0.43904209751443274,-0.8258978066867717,-2.396981188966324
11.0,150.0,37.5,10,0.4869682420017644,-1.0269876237201774,-2.899772201482745
11.0,200.0,4.0,4,0.22465158754025635,0.6087181242635528,1.2810675448465456
11.0,200.0,4.0,6,0.23642455473811047,0.7378039221894295,1.7087806730336743
11.0,200.0,4.0,8,0.24728979829115444,0.8569350940547902,2.1034914152543585
11.0,200.0,4.0,10,0.25739213406115846,0.9676998291822052,2.4704656854189357
11.0,200.0,10.0,4,0.2582438211546671,0.9602152027376304,2.291147704554534
11.0,200.0,10.0,6,0.2843078335908719,1.2379861041704134,3.1379532983061202
11.0,200.0,10.0,8,0.30820708062405405,1.4922580394242826,3.9090786335235275
11.0,200.0,10.0,10,0.33029590822783833,1.7268979372223323,4.6171669221259
11.0,200.0,20.0,4,0.2932768255572588,1.2319167716851502,2.2327014310825857
11.0,200.0,20.0,6,0.3340751589222065,1.6198967899857506,3.009759793847449
11.0,200.0,20.0,8,0.37134806518370744,1.972121938836781,3.694840664966255
11.0,200.0,20.0,10,0.4056931302579117,2.294802011608554,4.305377625789116
11.0,200.0,30.0,4,0.32060188837424375,1.327388420072257,1.5998729181068179
11.0,200.0,30.0,6,0.37297066826021313,1.749862991753588,2.091886969371073
11.0,200.0,30.0,8,0.4207812467239328,2.1304498619054733,2.5106743785696044
11.0,200.0,30.0,10,0.4648104405396175,2.4766347520124152,2.8719760780551464
11.0,200.0,40.0,4,0.34330515509099824,1.29115247094811,1.1387714668025397
11.0,200.0,40.0,6,0.4052100805946722,1.6899220630166565,1.4437944384551242
11.0,200.0,40.0,8,0.46166077878062467,2.0446118589733215,1.6976634698908124
11.0,200.0,40.0,10,0.5135902137107413,2.3633914071092006,1.912374678516896
11.0,200.0,50.0,4,0.3613373807696227,1.1730844130976017,0.8572418977293554
11.0,200.0,50.0,6,0.4306583540359049,1.514058389047825,1.0553518818741074
11.0,200.0,50.0,8,0.4937421189996632,1.8123180475048677,1.218143825372316
11.0,200.0,50.0,10,0.5516619832586093,2.076194255124082,1.3543228198546349
11.0,250.0,5.0,4,0.1975322266960017,0.31135786515077446,0.2957154131724457
11.0,250.0,5.0,6,0.1975322266960017,0.31135786515077446,0.2957154131724457
11.0,250.0,5.0,8,0.1975322266960017,0.31135786515077446,0.2957154131724457
11.0,250.0,5.0,10,0.1975322266960017,0.31135786515077446,0.2957154131724457
11.0,250.0,12.5,4,0.19753245179365317,0.3113606440673284,0.29572744617657537
11.0,250.0,12.5,6,0.19753256434210328,0.31136203352091724,0.29573346265793155
11.0,250.0,12.5,8,0.1975326768903031,0.31136342297138336,0.2957394791254845
11.0,250.0,12.5,10,0.1975327894382528,0.31136481241872216,0.29574549557922564
11.0,250.0,25.0,4,0.1996304592626066,0.33568234388041346,0.3882905765860483
11.0,250.0,25.0,6,0.20066975529630196,0.34772600369820217,0.4340861126309417
11.0,250.0,25.0,8,0.20170264077785313,0.3596922797316475,0.47956073991831344
11.0,250.0,25.0,10,0.20272921464373198,0.3715823835177865,0.5247196249703356
11.0,250.0,37.5,4,0.2146195824546091,0.49066387625602914,0.8314867313602285
11.0,250.0,37.5,6,0.2228212191626235,0.5764058544353959,1.0849520113372078
11.0,250.0,37.5,8,0.23081379818444414,0.6597639321079813,1.329684563231369
11.0,250.0,37.5,10,0.23860980177180502,0.7408848238114911,1.5662600495381966
11.0,250.0,50.0,4,0.23980450505805448,0.6958755358904172,1.1446219021273902
11.0,250.0,50.0,6,0.2595269704834437,0.873149937420577,1.5232781218224338
11.0,250.0,50.0,8,0.2784307245305017,1.04181469303945,1.8761927330553334
11.0,250.0,50.0,10,0.29659118838760995,1.2027058322160715,2.2062228250473894
11.0,250.0,62.5,4,0.2673879610212222,0.8382081541170481,1.1860019713529937
11.0,250.0,62.5,6,0.2992940687464047,1.072657858478801,1.5609576384789283
11.0,250.0,62.5,8,0.3295122485152522,1.2911838139461094,1.8989725741259997
11.0,250.0,62.5,10,0.35823205838882854,1.495732023560229,2.205512026802096
11.0,300.0,6.0,4,0.1975322266960017,0.31135786515077446,0.2957154131724457
11.0,300.0,6.0,6,0.1975322266960017,0.31135786515077446,0.2957154131724457
11.0,300.0,6.0,8,0.1975322266960017,0.31135786515077446,0.2957154131724457
11.0,300.0,6.0,10,0.1975322266960017,0.31135786515077446,0.2957154131724457
11.0,300.0,15.0,4,0.1975322266960017,0.31135786515077446,0.2957154131724457
11.0,300.0,15.0,6,0.1975322266960017,0.31135786515077446,0.2957154131724457
11.0,300.0,15.0,8,0.1975322266960017,0.31135786515077446,0.2957154131724457
11.0,300.0,15.0,10,0.1975322266960017,0.31135786515077446,0.2957154131724457
11.0,300.0,30.0,4,0.19753454160314846,0.31138534347326124,0.2958255159328426
11.0,300.0,30.0,6,0.19753569904043983,0.3113990824351083,0.29588056646264405
11.0,300.0,30.0,8,0.19753685646687655,0.31141282126402975,0.2959356164255296
11.0,300.0,30.0,10,0.19753801388245945,0.3114265599600297,0.2959906658215147
11.0,300.0,45.0,4,0.1982841606569679,0.31959542383588335,0.32322472749774633
11.0,300.0,45.0,6,0.19865926470390227,0.32370404551772936,0.3369394022059651
11.0,300.0,45.0,8,0.19903379642703534,0.32780593116188356,0.3506275696601861
11.0,300.0,45.0,10,0.19940775803246877,0.3319011073531132,0.36428933972788474
11.0,300.0,60.0,4,0.20455857283334405,0.3795271361706744,0.47228601494626693
11.0,300.0,60.0,6,0.20802328570941664,0.41307360072473187,0.5587164521000543
11.0,300.0,60.0,8,0.2114566507243852,0.446272398853505,0.6439525975488518
11.0,300.0,60.0,10,0.2148593545956076,0.4791314816981726,0.7280246325847336
11.0,300.0,75.0,4,0.21936381718994913,0.4905325681553164,0.6581917135144045
11.0,300.0,75.0,6,0.22993175278273748,0.5765595306897997,0.8292272149065364
11.0,300.0,75.0,8,0.24028286349734487,0.6603784345793368,0.9940156425606705
11.0,300.0,75.0,10,0.25042737166919027,0.7421010678960159,1.152928153685185
11.0,400.0,8.0,4,0.1975322266960017,0.31135786515077446,0.2957154131724457
11.0,400.0,8.0,6,0.1975322266960017,0.31135786515077446,0.2957154131724457
11.0,400.0,8.0,8,0.1975322266960017,0.31135786515077446,0.2957154131724457
11.0,400.0,8.0,10,0.1975322266960017,0.31135786515077446,0.2957154131724457
11.0,400.0,20.0,4,0.1975322266960017,0.31135786515077446,0.2957154131724457
11.0,400.0,20.0,6,0.1975322266960017,0.31135786515077446,0.2957154131724457
11.0,400.0,20.0,8,0.1975322266960017,0.31135786515077446,0.2957154131724457
11.0,400.0,20.0,10,0.1975322266960017,0.31135786515077446,0.2957154131724457
11.0,400.0,40.0,4,0.19753222669854995,0.3113578651812495,0.29571541329646156
11.0,400.0,40.0,6,0.19753222669982398,0.311357865196487,0.2957154133584667
11.0,400.0,40.0,8,0.19753222670109802,0.31135786521172404,0.2957154134204752
11.0,400.0,40.0,10,0.19753222670237228,0.31135786522696157,0.295715413482485
11.0,400.0,60.0,4,0.1975338393390307,0.3113757499947768,0.2957770412280326
11.0,400.0,60.0,6,0.197534645656209,0.3113846923653103,0.2958078550496041
11.0,400.0,60.0,8,0.19753545197049704,0.3113936347015336,0.2958386687337036
11.0,400.0,60.0,10,0.19753625828189436,0.3114025770034454,0.2958694822803345
11.0,400.0,80.0,4,0.19775088559300988,0.3135094843775633,0.3015551598821233
11.0,400.0,80.0,6,0.19786016468367834,0.314584727249915,0.30447301458511533
11.0,400.0,80.0,8,0.19796941023687756,0.31565959269829547,0.30738952509308853
11.0,400.0,80.0,10,0.1980786222783816,0.31673408102475287,0.3103046925836998
11.0,400.0,100.0,4,0.1999128984879406,0.3311779291374145,0.3383910108656785
11.0,400.0,100.0,6,0.20109881343453187,0.34104184533881665,0.35958943529338916
11.0,400.0,100.0,8,0.20228180452219124,0.35087527961948156,0.3806958614935937
11.0,400.0,100.0,10,0.20346188911653434,0.36067842595472427,0.4017109686540336
11.0,500.0,10.0,4,0.1975322266960017,0.31135786515077446,0.2957154131724457
11.0,500.0,10.0,6,0.1975322266960017,0.31135786515077446,0.2957154131724457
11.0,500.0,10.0,8,0.1975322266960017,0.31135786515077446,0.2957154131724457
11.0,500.0,10.0,10,0.1975322266960017,0.31135786515077446,0.2957154131724457
11.0,500.0,25.0,4,0.1975322266960017,0.31135786515077446,0.2957154131724457
11.0,500.0,25.0,6,0.1975322266960017,0.31135786515077446,0.2957154131724457
11.0,500.0,25.0,8,0.1975322266960017,0.31135786515077446,0.2957154131724457
11.0,500.0,25.0,10,0.1975322266960017,0.31135786515077446,0.2957154131724457
11.0,500.0,50.0,4,0.1975322266960017,0.3113578651507748,0.29571541317244726
11.0,500.0,50.0,6,0.1975322266960017,0.3113578651507752,0.29571541317244887
11.0,500.0,50.0,8,0.1975322266960017,0.3113578651507754,0.29571541317245
11.0,500.0,50.0,10,0.1975322266960017,0.31135786515077574,0.29571541317245104
11.0,500.0,75.0,4,0.19753223885806165,0.3113579989660029,0.2957158668484074
11.0,500.0,75.0,6,0.1975322449390916,0.31135806587361353,0.2957160936863794
11.0,500.0,75.0,8,0.19753225102012123,0.31135813278122265,0.29571632052433944
11.0,500.0,75.0,10,0.1975322571011506,0.3113581996888304,0.29571654736229447
11.0,500.0,100.0,4,0.1975464803503132,0.3114952651529353,0.29607910188639947
11.0,500.0,100.0,6,0.19755360697203841,0.3115639628573184,0.296260938177189
11.0,500.0,100.0,8,0.19756073345681857,0.31163265903067305,0.2964427690909153
11.0,500.0,100.0,10,0.19756785980466043,0.31170135367307567,0.2966245946278786
11.0,500.0,125.0,4,0.19795269208782287,0.314736086204011,0.30283034952882765
11.0,500.0,125.0,6,0.19816279104341097,0.3164238207268207,0.3063837474275424
11.0,500.0,125.0,8,0.19837280096027166,0.31811063926223354,0.3099344364675455
11.0,500.0,125.0,10,0.19858272192932794,0.31979654281939995,0.31348242013631566
12.0,150.0,3.0,4,0.20836012132976167,0.22581366597683084,0.29571541316877836
12.0,150.0,3.0,6,0.21307688740701092,0.18854679258481502,0.29571541316694333
12.0,150.0,3.0,8,0.21743727607793215,0.1540941631731605,0.29571541316511185
12.0,150.0,3.0,10,0.22149714105707013,0.12201479094777748,0.29571541316327765
12.0,150.0,7.5,4,0.22454535998271466,0.09607723875243365,0.2858115650042024
12.0,150.0,7.5,6,0.23631128680173155,0.002265692422656163,0.28087402105550136
12.0,150.0,7.5,8,0.24718752418095633,-0.08447533946442029,0.27594600277627257
12.0,150.0,7.5,10,0.2573135491265684,-0.16525306106645157,0.27102746479553863
12.0,150.0,15.0,4,0.25115006940858864,-0.1255857926066973,-0.14851230099584165
12.0,150.0,15.0,6,0.274494343044255,-0.31593245834100553,-0.3591610348712563
12.0,150.0,15.0,8,0.2960682566491334,-0.4918901283562239,-0.5629392922117332
12.0,150.0,15.0,10,0.3161496344682349,-0.6557071774262019,-0.7603422669706487
12.0,150.0,22.5,4,0.2768999801224209,-0.291825930376809,-0.7670531156479166
12.0,150.0,22.5,6,0.31142904657960613,-0.550843355768059,-1.24827362229137
12.0,150.0,22.5,8,0.3433254482476478,-0.7881565800805929,-1.7015487837695877
12.0,150.0,22.5,10,0.373003063365377,-1.0072072518236204,-2.130072917978793
12.0,150.0,30.0,4,0.30078720026479877,-0.3344623565242773,-1.0812726515625712
12.0,150.0,30.0,6,0.34562264761637806,-0.6039739739586623,-1.6805746644123631
12.0,150.0,30.0,8,0.38699196059674973,-0.8467204432159418,-2.232383483831995
12.0,150.0,30.0,10,0.425441542042506,-1.0672111852936568,-2.7432961567716196
12.0,150.0,37.5,4,0.320337316680652,-0.29328427751952707,-1.103734855877459
12.0,150.0,37.5,6,0.373398461467036,-0.5375381185813272,-1.6898480414294406
12.0,150.0,37.5,8,0.42220944862526866,-0.7533930432509901,-2.2176402373742143
12.0,150.0,37.5,10,0.46744416514408343,-0.9460170709267722,-2.69636670953616
12.0,200.0,4.0,4,0.22258848428075453,0.5860968298656486,1.2061119635326731
12.0,200.0,4.0,6,0.23357299238724702,0.706537885595065,1.6051856480362447
12.0,200.0,4.0,8,0.24375916356507837,0.8182238991960572,1.9752337392828565
12.0,200.0,4.0,10,0.25326777297948583,0.92247940871348,2.3206479931256236
12.0,200.0,10.0,4,0.25365822578599817,0.911295551379957,2.1415428740890126
12.0,200.0,10.0,6,0.27801090558758895,1.170922470781662,2.933923109877981
12.0,200.0,10.0,8,0.3004573266392516,1.4098512093515305,3.659593551146159
12.0,200.0,10.0,10,0.3212932784348337,1.6313102461902693,4.32911521992857
12.0,200.0,20.0,4,0.2860814669416291,1.163225883012128,2.092683913915192
12.0,200.0,20.0,6,0.32423341695749053,1.5265384609382584,2.8249233475950297
12.0,200.0,20.0,8,0.35927511613731206,1.8582663839705182,3.475516085346679
12.0,200.0,20.0,10,0.39170670709395156,2.1636130934257927,4.059130649350935
12.0,200.0,30.0,4,0.31136174128323163,1.2522356235662475,1.5093066034525613
12.0,200.0,30.0,6,0.3603413718238448,1.6485155852388544,1.9764862152361091
12.0,200.0,30.0,8,0.40529835806591974,2.0077346241114196,2.3781370363289076
12.0,200.0,30.0,10,0.4468832091493122,2.3361763521994483,2.7276086397151786
12.0,200.0,40.0,4,0.3323746438341746,1.2196727257348645,1.0818369614832835
12.0,200.0,40.0,6,0.3902879170230071,1.5947391150501102,1.3729043821496818
12.0,200.0,40.0,8,0.44338684221789504,1.9307251801061687,1.617896544728864
12.0,200.0,40.0,10,0.49245285911220876,2.2345009284537207,1.8270632643647322
12.0,200.0,50.0,4,0.34908221911691295,1.1113503935661493,0.8199622377060714
12.0,200.0,50.0,6,0.41396203598113523,1.433205562210474,1.0095530380136393
12.0,200.0,50.0,8,0.4733346513361135,1.7170772653071038,1.167200304972205
12.0,200.0,50.0,10,0.5280992978635854,1.969988792300146,1.3003806368048783
12.0,250.0,5.0,4,0.19753222669600176,0.3113578651507743,0.2957154131724456
12.0,250.0,5.0,6,0.19753222669600176,0.3113578651507743,0.2957154131724456
12.0,250.0,5.0,8,0.19753222669600176,0.3113578651507743,0.2957154131724456
12.0,250.0,5.0,10,0.19753222669600176,0.3113578651507743,0.2957154131724456
12.0,250.0,12.5,4,0.1975324330355538,0.3113604124914257,0.29572644342833726
12.0,250.0,12.5,6,0.19753253620501432,0.3113616861578136,0.29573195853888357
12.0,250.0,12.5,8,0.19753263937426452,0.311362959821575,0.2957374736378295
12.0,250.0,12.5,10,0.19753274254330425,0.3113642334827117,0.29574298872517774
12.0,250.0,25.0,4,0.19945661291830524,0.33366745697922817,0.3806264173458261
12.0,250.0,25.0,6,0.20041053619824103,0.3447223914949363,0.4226675186418491
12.0,250.0,25.0,8,0.20135905174126076,0.35571204381870414,0.46443786563143186
12.0,250.0,25.0,10,0.20230223632873176,0.36663735423744087,0.5059414685348775
12.0,250.0,37.5,4,0.21323136816054772,0.47613060005987345,0.7883495173318553
12.0,250.0,37.5,6,0.2207909249489966,0.5551999188252795,1.0224282418399375
12.0,250.0,37.5,8,0.2281720375572034,0.6322334200335209,1.2490405651363503
12.0,250.0,37.5,10,0.23538460623817167,0.7073475258063322,1.4686437674345145
12.0,250.0,50.0,4,0.2364318294637136,0.6654259921554948,1.0787796065119577
12.0,250.0,50.0,6,0.25467632167921933,0.8296741994809822,1.4311501535028046
12.0,250.0,50.0,8,0.27221554516047564,0.9864953867655489,1.7612282918173277
12.0,250.0,50.0,10,0.28911028684080536,1.1365642517890562,2.0713275639776567
12.0,250.0,62.5,4,0.2618906662800808,0.7974247538755738,1.1194588787136739
12.0,250.0,62.5,6,0.29148401368651095,1.0156231664297803,1.4709234861750045
12.0,250.0,62.5,8,0.31961463370182913,1.2199831164767012,1.79004318571615
12.0,250.0,62.5,10,0.34643681809678195,1.412092621281067,2.081309493555912
12.0,300.0,6.0,4,0.19753222669600176,0.3113578651507743,0.2957154131724456
12.0,300.0,6.0,6,0.19753222669600176,0.3113578651507743,0.2957154131724456
12.0,300.0,6.0,8,0.19753222669600176,0.3113578651507743,0.2957154131724456
12.0,300.0,6.0,10,0.19753222669600176,0.3113578651507743,0.2957154131724456
12.0,300.0,15.0,4,0.19753222669600176,0.3113578651507743,0.2957154131724456
12.0,300.0,15.0,6,0.19753222669600176,0.3113578651507743,0.2957154131724456
12.0,300.0,15.0,8,0.19753222669600176,0.3113578651507743,0.2957154131724456
12.0,300.0,15.0,10,0.19753222669600176,0.31135786515077435,0.295715413172446
12.0,300.0,30.0,4,0.197534348695878,0.3113830536333627,0.29581634078942737
12.0,300.0,30.0,6,0.19753540968213473,0.3113956477071084,0.295866803883344
12.0,300.0,30.0,8,0.19753647065927027,0.31140824166915926,0.29591726650088535
12.0,300.0,30.0,10,0.19753753162728574,0.31142083551951677,0.29596772864208126
12.0,300.0,45.0,4,0.1982215875175266,0.3189099967867134,0.3209363635303735
12.0,300.0,45.0,6,0.19856554243401273,0.32267752264306965,0.33351322289175017
12.0,300.0,45.0,8,0.1989090159743873,0.3264393827512098,0.3460677856289156
12.0,300.0,45.0,10,0.1992520098410957,0.33019559762700723,0.35860013653207556
12.0,300.0,60.0,4,0.2039780233432847,0.37390168277841057,0.457762644427003
12.0,300.0,60.0,6,0.2071600737319635,0.4047198954686509,0.5372220127418226
12.0,300.0,60.0,8,0.21031563591056027,0.4352442655142812,0.6156713608751837
12.0,300.0,60.0,10,0.21344524447703617,0.4654809841802993,0.6931342022204579
12.0,300.0,75.0,4,0.21758065024903253,0.47597169336678113,0.6290504765224081
12.0,300.0,75.0,6,0.22731051347983047,0.555264365823171,0.787069237224567
12.0,300.0,75.0,8,0.2368559374301915,0.6326770526069708,0.9397567005300531
12.0,300.0,75.0,10,0.2462249780675696,0.7082979240375834,1.087406217859615
12.0,400.0,8.0,4,0.19753222669600176,0.3113578651507743,0.2957154131724456
12.0,400.0,8.0,6,0.19753222669600176,0.3113578651507743,0.2957154131724456
12.0,400.0,8.0,8,0.19753222669600176,0.3113578651507743,0.2957154131724456
12.0,400.0,8.0,10,0.19753222669600176,0.3113578651507743,0.2957154131724456
12.0,400.0,20.0,4,0.19753222669600176,0.3113578651507743,0.2957154131724456
12.0,400.0,20.0,6,0.19753222669600176,0.3113578651507743,0.2957154131724456
12.0,400.0,20.0,8,0.19753222669600176,0.3113578651507743,0.2957154131724456
12.0,400.0,20.0,10,0.19753222669600176,0.3113578651507743,0.2957154131724456
12.0,400.0,40.0,4,0.1975322266983375,0.3113578651787099,0.2957154132861282
12.0,400.0,40.0,6,0.19753222669950551,0.31135786519267744,0.2957154133429654
12.0,400.0,40.0,8,0.19753222670067344,0.3113578652066456,0.2957154133998032
12.0,400.0,40.0,10,0.19753222670184145,0.31135786522061254,0.29571541345664765
12.0,400.0,60.0,4,0.19753370495255335,0.311374259596352,0.2957719055777339
12.0,400.0,60.0,6,0.19753444407718557,0.311382456775894,0.2958001516071004
12.0,400.0,60.0,8,0.19753518319938898,0.3113906539266044,0.29582839752094675
12.0,400.0,60.0,10,0.19753592231916356,0.31139885104848464,0.2958566433192826
12.0,400.0,80.0,4,0.19773266914883297,0.31333024051694336,0.3010687199965555
12.0,400.0,80.0,6,0.1978328480561565,0.3143159519271314,0.3037436769736854
12.0,400.0,80.0,8,0.19793299877727186,0.315301346132845,0.30641750420603736
12.0,400.0,80.0,10,0.19803312133203826,0.31628642336682644,0.309090202601057
12.0,400.0,100.0,4,0.19971496050392787,0.32953096585387653,0.33484894775213175
12.0,400.0,100.0,6,0.20080260949175174,0.3385787315889538,0.35429848071410613
12.0,400.0,100.0,8,0.20188779795739992,0.34760084305848793,0.3736705660413664
12.0,400.0,100.0,10,0.2029705393151046,0.3565974501146927,0.3929657285466893
12.0,500.0,10.0,4,0.19753222669600176,0.3113578651507743,0.2957154131724456
12.0,500.0,10.0,6,0.19753222669600176,0.3113578651507743,0.2957154131724456
12.0,500.0,10.0,8,0.19753222669600176,0.3113578651507743,0.2957154131724456
12.0,500.0,10.0,10,0.19753222669600176,0.3113578651507743,0.2957154131724456
12.0,500.0,25.0,4,0.19753222669600176,0.3113578651507743,0.2957154131724456
12.0,500.0,25.0,6,0.19753222669600176,0.3113578651507743,0.2957154131724456
12.0,500.0,25.0,8,0.19753222669600176,0.3113578651507743,0.2957154131724456
12.0,500.0,25.0,10,0.19753222669600176,0.3113578651507743,0.2957154131724456
12.0,500.0,50.0,4,0.19753222669600176,0.3113578651507747,0.2957154131724474
12.0,500.0,50.0,6,0.19753222669600176,0.31135786515077496,0.29571541317244604
12.0,500.0,50.0,8,0.19753222669600176,0.31135786515077524,0.29571541317244726
12.0,500.0,50.0,10,0.19753222669600176,0.31135786515077557,0.29571541317244865
12.0,500.0,75.0,4,0.19753223784455676,0.31135798781473356,0.29571582904207633
12.0,500.0,75.0,6,0.19753224341883402,0.3113580491467106,0.29571603697688625
12.0,500.0,75.0,8,0.19753224899311128,0.31135811047868744,0.29571624491168313
12.0,500.0,75.0,10,0.19753225456738838,0.31135817181066067,0.29571645284648207
12.0,500.0,100.0,4,0.19754529256671113,0.31148381538668296,0.29604879531514383
12.0,500.0,100.0,6,0.19755182532944596,0.31154678857476015,0.29621547960860334
12.0,500.0,100.0,8,0.1975583579771077,0.3116097604763309,0.29638215938377405
12.0,500.0,100.0,10,0.19756489050970094,0.3116727310914561,0.2965488346408852
12.0,500.0,125.0,4,0.19791766693228893,0.3144547079915887,0.30223785293920297
12.0,500.0,125.0,6,0.19811027465544986,0.31600197300939536,0.30549565204473844
12.0,500.0,125.0,8,0.1983028075422277,0.31754846813114335,0.3087511742230979
12.0,500.0,125.0,10,0.1984952656626912,0.3190941941345327,0.31200442216200314
14.0,150.0,3.0,4,0.20693721170734997,0.23705565934603418,0.2957154131693017
14.0,150.0,3.0,6,0.21110288142305392,0.20414349215419003,0.2957154131677323
14.0,150.0,3.0,8,0.2149856611747888,0.17346521982746932,0.295715413166161
14.0,150.0,3.0,10,0.2186258150725559,0.14470294587423982,0.29571541316458666
14.0,150.0,7.5,4,0.22099576822045533,0.12437355258345965,0.2872240478494764
14.0,150.0,7.5,6,0.23138724562757884,0.041529002609798464,0.2829889422526632
14.0,150.0,7.5,8,0.24107247724698952,-0.035703406950045785,0.2787608494666637
14.0,150.0,7.5,10,0.25015201219957484,-0.10812179311943665,0.27453974080829585
14.0,150.0,15.0,4,0.24410632848590014,-0.0681636076365523,-0.08698843572114308
14.0,150.0,15.0,6,0.2647254721551101,-0.23627125168219756,-0.2697553413800981
14.0,150.0,15.0,8,0.2839391652020532,-0.39295982207399316,-0.4473056135275099
14.0,150.0,15.0,10,0.3019477074902215,-0.5398497576483525,-0.6199704769688225
14.0,150.0,22.5,4,0.26647829653888533,-0.21323032585549206,-0.6239049005063112
14.0,150.0,22.5,6,0.2969816096305076,-0.442729362490574,-1.045666932566352
14.0,150.0,22.5,8,0.32539460241819584,-0.6549847135530519,-1.4457561017577794
14.0,150.0,22.5,10,0.3520157052350397,-0.8524773448983878,-1.8263847141845266
14.0,150.0,30.0,4,0.28724444370564783,-0.2517468298597705,-0.9002046246716532
14.0,150.0,30.0,6,0.3268693399408448,-0.4920566191899366,-1.4299870440349494
14.0,150.0,30.0,8,0.3637415262626707,-0.7109939532696744,-1.9224606998640794
14.0,150.0,30.0,10,0.3982550707595125,-0.9118209588693349,-2.3822786440980885
14.0,150.0,37.5,4,0.3042779000540284,-0.21735885533614827,-0.9239629626263203
14.0,150.0,37.5,6,0.3512246141483069,-0.4366936495434247,-1.446425468523955
14.0,150.0,37.5,8,0.3947943975270859,-0.6331890140352396,-1.9225928580463045
14.0,150.0,37.5,10,0.4354734086955978,-0.8106082177194788,-2.359076398895764
14.0,200.0,4.0,4,0.2192824017500186,0.549846522289274,1.085995374546185
14.0,200.0,4.0,6,0.2289713280375699,0.6560825556597886,1.438007365656755
14.0,200.0,4.0,8,0.23802848843012336,0.755390246391124,1.7670496096594666
14.0,200.0,4.0,10,0.24654050579740555,0.8487195875258389,2.076272014296658
14.0,200.0,10.0,4,0.2462985914515439,0.8327513021861396,1.9010502575297208
14.0,200.0,10.0,6,0.2678276433384899,1.0624086059961153,2.6032215797931
14.0,200.0,10.0,8,0.2878451913414821,1.2756472392425664,3.2524133428997604
14.0,200.0,10.0,10,0.30656368487128516,1.4747866822033848,3.8562189751592726
14.0,200.0,20.0,4,0.27452175544111723,1.0527037471918064,1.8658620724709611
14.0,200.0,20.0,6,0.30829772594742766,1.3750582176199078,2.52211999416481
14.0,200.0,20.0,8,0.3395998602167526,1.67223882453762,3.112793916317151
14.0,200.0,20.0,10,0.36878894434911674,1.9480063991230656,3.6485555941785206
14.0,200.0,30.0,4,0.296514214425538,1.1310925503825486,1.3613604106071941
14.0,200.0,30.0,6,0.3398873293471273,1.4836527354884728,1.785228853899381
14.0,200.0,30.0,8,0.38005921396442777,1.8065977743058987,2.15577141348183
14.0,200.0,30.0,10,0.41749957280824446,2.104482375695189,2.4828250121376456
14.0,200.0,40.0,4,0.3148061013105117,1.1041099430955958,0.9883075359817454
14.0,200.0,40.0,6,0.3661111258451162,1.4392571316226805,1.254533955856235
14.0,200.0,40.0,8,0.41358363683098964,1.743072679106855,1.482865388741882
14.0,200.0,40.0,10,0.4577880873435325,2.020550884407922,1.680947007355596
14.0,200.0,50.0,4,0.3293751153657469,1.0111566109217998,0.7585167426172502
14.0,200.0,50.0,6,0.38689254443146903,1.3004069788861465,0.932749765915289
14.0,200.0,50.0,8,0.4400236925393584,1.5590588146440802,1.0805304233550241
14.0,200.0,50.0,10,0.489418381861805,1.7922384073495967,1.207483511634288
14.0,250.0,5.0,4,0.19753222669600154,0.31135786515077396,0.2957154131724453
14.0,250.0,5.0,6,0.19753222669600154,0.31135786515077396,0.2957154131724453
14.0,250.0,5.0,8,0.19753222669600154,0.31135786515077396,0.2957154131724453
14.0,250.0,5.0,10,0.19753222669600154,0.31135786515077396,0.2957154131724453
14.0,250.0,12.5,4,0.1975324035585264,0.31136004858626154,0.2957248676803348
14.0,250.0,12.5,6,0.19753249198955708,0.3113611403011111,0.2957295949215002
14.0,250.0,12.5,8,0.19753258042043298,0.3113622320140323,0.2957343221541374
14.0,250.0,12.5,10,0.19753266885115423,0.3113633237250245,0.29573904937825474
14.0,250.0,25.0,4,0.19918305919512003,0.3304967794537896,0.3685643712293749
14.0,250.0,25.0,6,0.20000237864921325,0.3399926117823479,0.4046832946838402
14.0,250.0,25.0,8,0.20081770051261014,0.3494401808863802,0.4406020134521406
14.0,250.0,25.0,10,0.2016290737145166,0.35884008601991413,0.4763230837156644
14.0,250.0,37.5,4,0.21103722233435013,0.45314781422374584,0.7200290808360871
14.0,250.0,37.5,6,0.21757357603436508,0.5215695413738738,0.9230513371872257
14.0,250.0,37.5,8,0.22397551073447455,0.5884565181150064,1.1204343671919732
14.0,250.0,37.5,10,0.23024955951407133,0.6538856290555104,1.3124806556758961
14.0,250.0,50.0,4,0.23107997453498433,0.6170268189941458,0.9736377178855399
14.0,250.0,50.0,6,0.24694748300876074,0.7602346039616691,1.283012496831815
14.0,250.0,50.0,8,0.2622757434645076,0.8977510475967209,1.575198453508902
14.0,250.0,50.0,10,0.27710593365105823,1.03003415870158,1.8517745544258097
14.0,250.0,62.5,4,0.2531417051139262,0.7322809601309891,1.0123513183866295
14.0,250.0,62.5,6,0.2789902753718595,0.9239076509121429,1.3245533198697534
14.0,250.0,62.5,8,0.30370947541178334,1.1048011129614919,1.61136617755564
14.0,250.0,62.5,10,0.32740554192351434,1.2760592527745571,1.8759304004892172
14.0,300.0,6.0,4,0.19753222669600154,0.31135786515077396,0.2957154131724453
14.0,300.0,6.0,6,0.19753222669600154,0.31135786515077396,0.2957154131724453
14.0,300.0,6.0,8,0.19753222669600154,0.31135786515077396,0.2957154131724453
14.0,300.0,6.0,10,0.19753222669600154,0.31135786515077396,0.2957154131724453
14.0,300.0,15.0,4,0.19753222669600154,0.31135786515077396,0.2957154131724453
14.0,300.0,15.0,6,0.19753222669600154,0.31135786515077396,0.2957154131724453
14.0,300.0,15.0,8,0.19753222669600154,0.31135786515077396,0.2957154131724453
14.0,300.0,15.0,10,0.19753222669600154,0.31135786515077396,0.2957154131724453
14.0,300.0,30.0,4,0.1975340455552721,0.3113794553060623,0.2958019226750934
14.0,300.0,30.0,6,0.19753495497485568,0.3113902502606095,0.29584517690142154
14.0,300.0,30.0,8,0.1975358643877382,0.31140104513309314,0.2958884307777628
14.0,300.0,30.0,10,0.19753677379391954,0.3114118399235153,0.29593168430412026
14.0,300.0,45.0,4,0.19812322602882512,0.31783251729499545,0.31733886791776195
14.0,300.0,45.0,6,0.19841819222772714,0.3210635636703169,0.32812587546956007
14.0,300.0,45.0,8,0.19871280422440338,0.3242904409697266,0.3388964750221012
14.0,300.0,45.0,10,0.19900706309411012,0.32751316215141035,0.3496507201340918
14.0,300.0,60.0,4,0.2030639239961048,0.3650416167899539,0.4348710643756231
14.0,300.0,60.0,6,0.2057996131185137,0.39154843935782474,0.5032930749553343
14.0,300.0,60.0,8,0.20851566939365046,0.4178373832003698,0.5709654474489938
14.0,300.0,60.0,10,0.21121243518089175,0.44391241468661147,0.6379032579109238
14.0,300.0,75.0,4,0.2147656154652772,0.4529582085745495,0.5828791122283462
14.0,300.0,75.0,6,0.22316364737286715,0.5215173752286376,0.720017697214817
14.0,300.0,75.0,8,0.23142351068498881,0.5886661403588991,0.853141876620142
14.0,300.0,75.0,10,0.2395504665889307,0.6544621617021189,0.9824441151064246
14.0,400.0,8.0,4,0.19753222669600154,0.31135786515077396,0.2957154131724453
14.0,400.0,8.0,6,0.19753222669600154,0.31135786515077396,0.2957154131724453
14.0,400.0,8.0,8,0.19753222669600154,0.31135786515077396,0.2957154131724453
14.0,400.0,8.0,10,0.19753222669600154,0.31135786515077396,0.2957154131724453
14.0,400.0,20.0,4,0.19753222669600154,0.31135786515077396,0.2957154131724453
14.0,400.0,20.0,6,0.19753222669600154,0.31135786515077396,0.2957154131724453
14.0,400.0,20.0,8,0.19753222669600154,0.31135786515077396,0.2957154131724453
14.0,400.0,20.0,10,0.19753222669600154,0.31135786515077396,0.2957154131724453
14.0,400.0,40.0,4,0.19753222669800394,0.3113578651747186,0.29571541326988643
14.0,400.0,40.0,6,0.19753222669900486,0.3113578651866911,0.29571541331860635
14.0,400.0,40.0,8,0.1975322267000059,0.3113578651986629,0.2957154133673228
14.0,400.0,40.0,10,0.19753222670100704,0.311357865210636,0.29571541341604435
14.0,400.0,60.0,4,0.1975334937736406,0.3113719175397588,0.2957638352624106
14.0,400.0,60.0,6,0.1975341273097832,0.3113789437024767,0.2957880461800858
14.0,400.0,60.0,8,0.19753476084414143,0.31138596984401395,0.2958122570128952
14.0,400.0,60.0,10,0.1975353943767152,0.3113929959643687,0.2958364677608271
14.0,400.0,80.0,4,0.1977040414240425,0.3130485503908125,0.3003042389432485
14.0,400.0,80.0,6,0.1977899176912635,0.3138935430348532,0.3025974052296796
14.0,400.0,80.0,8,0.19787577324399114,0.31473830255736734,0.3048897412135671
14.0,400.0,80.0,10,0.19796160809473984,0.3155828291050091,0.3071812474667242
14.0,400.0,100.0,4,0.19940374982647252,0.3269411567901951,0.3292776392090457
14.0,400.0,100.0,6,0.20033677628613883,0.3347042678282952,0.34597248075904735
14.0,400.0,100.0,8,0.20126799076623741,0.3424484833591711,0.36261025565944055
14.0,400.0,100.0,10,0.20219740175230377,0.3501738981899913,0.37919129606178587
14.0,500.0,10.0,4,0.19753222669600154,0.31135786515077396,0.2957154131724453
14.0,500.0,10.0,6,0.19753222669600154,0.31135786515077396,0.2957154131724453
14.0,500.0,10.0,8,0.19753222669600154,0.31135786515077396,0.2957154131724453
14.0,500.0,10.0,10,0.19753222669600154,0.31135786515077396,0.2957154131724453
14.0,500.0,25.0,4,0.19753222669600154,0.31135786515077396,0.2957154131724453
14.0,500.0,25.0,6,0.19753222669600154,0.31135786515077396,0.2957154131724453
14.0,500.0,25.0,8,0.19753222669600154,0.31135786515077396,0.2957154131724453
14.0,500.0,25.0,10,0.19753222669600154,0.31135786515077396,0.2957154131724453
14.0,500.0,50.0,4,0.19753222669600154,0.31135786515077435,0.2957154131724469
14.0,500.0,50.0,6,0.19753222669600154,0.3113578651507747,0.29571541317244826
14.0,500.0,50.0,8,0.19753222669600154,0.3113578651507747,0.29571541317244826
14.0,500.0,50.0,10,0.19753222669600154,0.3113578651507749,0.29571541317244915
14.0,500.0,75.0,4,0.1975322362519059,0.3113579702913119,0.2957157696321332
14.0,500.0,75.0,6,0.19753224102985806,0.31135802286157876,0.2957159478619691
14.0,500.0,75.0,8,0.1975322458078099,0.31135807543184285,0.29571612609180425
14.0,500.0,75.0,10,0.19753225058576182,0.3113581280021075,0.2957163043216294
14.0,500.0,100.0,4,0.19754342604193612,0.3114658228109287,0.2960011704013751
14.0,500.0,100.0,6,0.19754902558807913,0.3115198002231187,0.2961440440361102
14.0,500.0,100.0,8,0.19755462504967686,0.3115737766901046,0.296286914351206
14.0,500.0,100.0,10,0.1975602244267327,0.31162775221192135,0.29642978134681897
14.0,500.0,125.0,4,0.1978626223989669,0.3140124907537592,0.3013066346069965
14.0,500.0,125.0,6,0.19802773765610907,0.31533895374871374,0.30409973139237456
14.0,500.0,125.0,8,0.1981927979093338,0.3166648508606139,0.30689115448605075
14.0,500.0,125.0,10,0.19835780320280014,0.3179901825795982,0.3096809055820388
